Abraham Lincoln,abraham_lincoln
Albert Einstein;Einstein;Einsteins,albert_einstein
Alexander Graham Bell;Bell,alexander_graham_bell
Wolfgang Amadeus Mozart,wolfgang_mozart
Antonio Salieri,antonio_salieri
Asimov,asimov
Batman,batman
Battlestar Galactica,battlestar
Mandelbrot,benoit_mandelbrot
Bertram Forer,bertram_forer
Bryan Adams,bryan_adams
Carol,carol_ann_susi
Cathy Rigby,cathy_rigby
Catwoman,catwoman
Doppler,christian_doppler
Christy;Van Der Bell;Christy,christy_vanderbel
Darth Vader,darth_vader
David Lee Roth,david_lee_roth
Denise;Polmerry;Denise Polmerry,denise
Dennis;Dennis Kim;Kim;Mr Kim,dennis_kim
Doogie;Doogie Howser;Howser,doogie
Doug,doug
Elf,elf
Elliot Wong,elliot_wong
Eloy,eloy
Elton John,elton_john
Dr Emile;Dr Farmin;Farminfarmian,emile_farminfarmian
Dr Eric Gablehauser;Dr Gablehauser;Eric Gablehauser;Gablehauser,eric_gablehauser
Erwin Schrodinger;Schrodinger,erwin_rudolf_josef_alexander_schrodinger
Dr Finkleday,finkleday
Flash;The Flash,flash
Frodo,frodo
Galileo,galileo_galilei
Geordi LaForge,geordi_la_forge
Godzilla,godzilla
Mrs Goldfarb;Professor Goldfarb,goldfarb
Halle Berry,halle_berry
Halo,halo
Hans Christian,hans_christian
Harrison Ford,harrison_ford
Hava Nagila,hava_nagila
Helen Boxleitner,helen_boxleitner
Helen,helen_sparta
Casimir,hendrik_casimir
Phillips,henry_frank_phillips
Hobbit,hobbit
Honey Puffs,honey_puffs
Howard;Howie;Wolowitz;Wolowizard,howard_wolowitz
Hugh Grant,hugh_grant
Indira Gandhi,indira_gandhi
Isaac Newton;Newton,isaac_newton
Jacques Cousteau,jacques_cousteau
Kirk,james_tiberius_kirk
Jane Goodall,jane_goodall
John Connor,john_connor
Joyce;Kim;Joyce Kim,joyce_kim
Oppenheimer,julius_robert_oppenheimer
Kurt,kurt
Kyle Bernstein,kyle_bernstein
Gupta;Lalita Gupta;Lalita,lalitha_gupta
Larry,larry_down
Leia,leia_organa
bro;Dr Hofstadter;Hofstadter;Leakey;Leonard;Leonard Hofstadter;Leonard;Hofstadter,leonard_hofstadter
Houston;Leo;Leopold,leopold_houston
Lesley;Leslie;Leslie Winkle;Winkle,lesley_winkle
Lois Lane;Miss Lane,lois_lane
Louise,louise
Lewis Leaky,louis_leakey
Luke;Luke Skywalker;Skywalker,luke_skywalker
Mrs Bell,mabel_gardiner_hubbard
Curie,marie_sklodowska_curie
Marty McFly,marty_mcfly
Mary Cooper;Mary,mary_cooper
Menelaus,menelaus
Mike,mike
Dyson;Miles Dyson,miles_dyson
Missy,missy_cooper
Morlocks,morlocks
Moses,moses
Mr Grown,mr_grown
Mrs Grossinger,mrs_grossinger
Mommy,mrs_koothrappali
Mrs Koothrappali,mrs_koothrappali+vm_koothrappali
Alex Ross,nelson_alexander_ross
Neo,neo
Odin,odin
Olivia Geiger,olivia_geiger
Peter Pan,peter_pan
Patrick Stewart,patrick_stewart
Penny,penny
Prevost,pierre_prevost
Mary,queen_ship
Koothrapali;Koothrappali;Rajesh Koothrappali;Rajesh;Raj,rajesh_koothrappali
Feynman,richard_phillips_feynman
Robert E. Lee,robert_edward_lee
Robin Hood;Rob,robin_hood
Rod Taylor,rod_taylor
Sammy Hagar,sammy_hagar
Sandra Bullock,sandra_bullock
Scooby Doo,scooby
Sean Penn,sean_penn
Sergeant Fuzzyboots,sergeant_fuzzyboots
Cooper;Dr Cooper;Sheldon;Shelly,sheldon_cooper
Shiva,shiva
Stephen Hawking,stephen_hawking
Summer,summer
Superman,superman
Watson,thomas_augustus_watson
Thor,thor
Mrs Tishman,tishman
Toby Loobenfeld,toby_loobenfeld
McFloonyloo,unkknown_mcflono
Brady,unknown_brady
Great Caesar,unknown_caesar
Cindy,unknown_cindy
Emma,unknown_emma
Ganesh,unknown_ganesh
Googenfeil,unknown-googenfeil
Haroun,unknown_haroun
Jan,unknown_jan
Krishna,unknown_krishna
Lee,unknown_lee
Madonna,unknown_madonna
Marsha,unknown_marsha
McFlono,unknown_mcflono
Dr Patel,unknown_patel
Princess Punchali,unknown_punchali
Shiva,unknown_shiva
Sophie,unknown_sophie
Stephenson,unknown_stephenson
Van Halen,van_halen
Koothrappali;papa;Papa,vm_koothrappali
Shatner,william_shatner
William Shatner,william_shatner
Yvette Mimeaux,yvette_mimeaux
