Howard,howard_wolowitz
Leonard,leonard_hofstadter
Penny,penny
Howard,howard_wolowitz
Sheldon,sheldon_cooper
Raj,rajesh_koothrappali
Penny,penny
Lois Lane,lois_lane
Superman,superman
Miss Lane,lois_lane
Superman,superman
Great Caesar,unknown_caesar
Penny,penny
Mandelbrot,benoit_mandelbrot
Sheldon,sheldon_cooper
Penny,penny
Penny,penny
Sheldon,sheldon_cooper
Sheldon,sheldon_cooper
Sheldon,sheldon_cooper
Penny,penny
Penny,penny
Sheldon,sheldon_cooper
Penny,penny
Sheldon,sheldon_cooper
Honey Puffs,honey_puffs
Penny,penny
Leonard,leonard_hofstadter
Penny,penny
Penny,penny
Penny,penny
Leonard,leonard_hofstadter
Raj,rajesh_koothrappali
Leonard,leonard_hofstadter
Sheldon,sheldon_cooper
Leonard,leonard_hofstadter
Sheldon,sheldon_cooper
Penny,penny
Rajesh,rajesh_koothrappali
Koothrapali,rajesh_koothrappali
Penny,penny
Penny,penny
Oppenheimer,julius_robert_oppenheimer
Curie,marie_sklodowska_curie
Leonard,leonard_hofstadter
Phillips,henry_frank_phillips
Penny,penny
Penny,penny
Leonard,leonard_hofstadter
Sheldon,sheldon_cooper
Raj,rajesh_koothrappali
Leonard,leonard_hofstadter
Sheldon,sheldon_cooper
Bertram Forer,bertram_forer
Leonard,leonard_hofstadter
Howard,howard_wolowitz
Penny,penny
Leonard,leonard_hofstadter
Leonard,leonard_hofstadter
Leonard,leonard_hofstadter
Howard,howard_wolowitz
Leonard,leonard_hofstadter
Leonard,leonard_hofstadter
Leonard,leonard_hofstadter
Leonard,leonard_hofstadter
Leonard,leonard_hofstadter
Sheldon,sheldon_cooper
Leonard,leonard_hofstadter
Raj,rajesh_koothrappali
Howard,howard_wolowitz
Raj,rajesh_koothrappali
Alex Ross,nelson_alexander_ross
Feynman,richard_phillips_feynman
Sheldon,sheldon_cooper
Sheldon,sheldon_cooper
Leonard,leonard_hofstadter
Sheldon,sheldon_cooper
Howard,howard_wolowitz
Leonard,leonard_hofstadter
Raj,rajesh_koothrappali
Harrison Ford,harrison_ford
Halo,halo
Leonard,leonard_hofstadter
Sheldon,sheldon_cooper
Hans Christian,hans_christian
Sheldon,sheldon_cooper
Penny,penny
Leonard,leonard_hofstadter
Sheldon,sheldon_cooper
Penny,penny
Penny,penny
Leonard,leonard_hofstadter
Leonard,leonard_hofstadter
Leonard,leonard_hofstadter
Sheldon,sheldon_cooper
Leonard,leonard_hofstadter
Howard,howard_wolowitz
Leonard,leonard_hofstadter
Carol,carol_ann_susi
Howard,howard_wolowitz
Krishna,unknown_krishna
Penny,penny
Sheldon,sheldon_cooper
Penny,penny
Sheldon,sheldon_cooper
Leonard,leonard_hofstadter
Sheldon,sheldon_cooper
Penny,penny
Sheldon,sheldon_cooper
Leonard,leonard_hofstadter
Leonard,leonard_hofstadter
Leonard,leonard_hofstadter
Leonard,leonard_hofstadter
Leonard,leonard_hofstadter
Leonard,leonard_hofstadter
Leonard,leonard_hofstadter
Leonard,leonard_hofstadter
Leonard,leonard_hofstadter
Leonard,leonard_hofstadter
Sheldon,sheldon_cooper
Howard,howard_wolowitz
Howard,howard_wolowitz
Leonard,leonard_hofstadter
Leonard,leonard_hofstadter
Sheldon,sheldon_cooper
Mr Grown,mr_grown
Howard,howard_wolowitz
Howard,howard_wolowitz
Howard,howard_wolowitz
Sheldon,sheldon_cooper
Koothrappali,rajesh_koothrappali
Sheldon,sheldon_cooper
Sheldon,sheldon_cooper
Penny,penny
Penny,penny
Sheldon,sheldon_cooper
Penny,penny
Googenfeil,unknown-googenfeil
Sheldon,sheldon_cooper
Sheldon,sheldon_cooper
Penny,penny
Sheldon,sheldon_cooper
Sheldon,sheldon_cooper
Sheldon,sheldon_cooper
Sheldon,sheldon_cooper
Raj,rajesh_koothrappali
Sheldon,sheldon_cooper
Sheldon,sheldon_cooper
Sheldon,sheldon_cooper
Sheldon,sheldon_cooper
Sheldon,sheldon_cooper
Penny,penny
Penny,penny
Leonard,leonard_hofstadter
Leonard,leonard_hofstadter
Penny,penny
Penny,penny
Penny,penny
Leonard,leonard_hofstadter
Hofstadter,leonard_hosstadter
Helen Boxleitner,helen_boxleitner
Leonard,leonard_hofstadter
Hofstadter,leonard_hofstadter
McFlono,unknown_mcflono
McFloonyloo,unkknown_mcflono
Rajesh Koothrappali,rajesh_koothrappali
Halo,halo
Penny,penny
Penny,penny
Christy,christy_vanderbel_vanderbel
Christy,christy_vanderbel
Halo,halo
Howard,howard_wolowitz
Christy,christy_vanderbel
Howard,howard_wolowitz
Raj,rajesh_koothrappali
Penny,penny
Penny,penny
Penny,penny
Raj,rajesh_koothrappali
Raj,rajesh_koothrappali
Penny,penny
Sheldon,sheldon_cooper
Sheldon,sheldon_cooper
Penny,penny
Leonard,leonard_hofstadter
Raj,rajesh_koothrappali
Raj,rajesh_koothrappali
Penny,penny
Sheldon,sheldon_cooper
Howard,howard_wolowitz
Christy,christy_vanderbel
Howard,howard_wolowitz
Leonard,leonard_hofstadter
Penny,penny
Penny,penny
Leonard,leonard_hofstadter
Penny,penny
Christy,christy_vanderbel
Howard,howard_wolowitz
Christy,christy_vanderbel
Leonard,leonard_hofstadter
Sheldon,sheldon_cooper
Howard,howard_wolowitz
Christy,christy_vanderbel
Howard,howard_wolowitz
Penny,penny
Christy,christy_vanderbel
Christy,christy_vanderbel
Howard,howard_wolowitz
Penny,penny
Sheldon,sheldon_cooper
Wolowitz,howard_wolowitz
Wolowitz,howard_wolowitz
Howard,howard_wolowitz
Howard,howard_wolowitz
Wolowitz,howard_wolowitz
Wolowitz,howard_wolowitz
Wolowitz,howard_wolowitz
Wolowitz,howard_wolowitz
Penny,penny
Penny,penny
Halo,halo
Wolowitz,howard_wolowitz
Christy,christy_vanderbel
Wolowitz,howard_wolowitz
Sheldon,sheldon_cooper
Penny,penny
Penny,penny
Sheldon,sheldon_cooper
Sheldon,sheldon_cooper
Sheldon,sheldon_cooper
Howard,howard_wolowitz
Wolowitz,howard_wolowitz
Christy,christy_vanderbel
Van Der Bell,christy_vanderbel
Sheldon,sheldon_cooper
Howard,howard_wolowitz
Howard,howard_wolowitz
Howard,howard_wolowitz
Howard,howard_wolowitz
Sheldon,sheldon_cooper
Raj,rajesh_koothrappali
Sheldon,sheldon_cooper
Raj,rajesh_koothrappali
Sophie,unknown_sophie
Sophie,unknown_sophie
Sheldon,sheldon_cooper
Sheldon,sheldon_cooper
Penny,penny
Howard,howard_wolowitz
Rod,rod_taylor
Taylor,rod_taylor
Morlocks,morlocks
Eloy,eloy
Sheldon,sheldon_cooper
Alexander Graham Bell,alexander_graham_bell
Watson,thomas_augustus_watson
Bell,alexander_graham_bell
Mrs Bell,mabel_gardiner_hubbard
Kirk,james_tiberius_kirk
Elton John,elton_john
Leonard,leonard_hofstadter
Penny,penny
Penny,penny
Rod,rod_taylor
Taylor,rod_taylor
Yvette Mimeaux,yvette_mimeaux
Marty McFly,marty_mcfly
Penny,penny
Leonard,leonard_hofstadter
Penny,penny
Darth Vader,darth_vader
Larry,larry_down
Larry,larry_down
Larry,larry_down
Leonard,leonard_hofstadter
Raj,rajesh_koothrappali
Sheldon,sheldon_cooper
Geordi LaForge,geordi_la_forge
Leonard,leonard_hofstadter
Penny,penny
Mike,mike
Morlocks,morlocks
Morlocks,morlocks
Sheldon,sheldon_cooper
Morlocks,morlocks
Leonard,leonard_hofstadter
Superman,superman
Godzilla,godzilla
Superman,superman
Godzilla,godzilla
Robert E. Lee,robert_edward_lee
Shiva,unknown_shiva
Ganesh,unknown_ganesh
Shiva,unknown_shiva
Ganesh,unknown_ganesh
Ganesh,unknown_ganesh
Shiva,unknown_shiva
Abraham Lincoln,abraham_lincoln
Sheldon,sheldon_cooper
Leonard,leonard_hofstadter
Lesley,lesley_winkle
Lesley,lesley_winkle
Penny,penny
Sheldon,sheldon_cooper
Howard,howard_wolowitz
Lesley,lesley_winkle
Elliot,elliot_wong
Wong,elliot_wong
Leonard,leonard_hofstadter
Leonard,leonard_hofstadter
Lesley,lesley_winkle
Sheldon,sheldon_cooper
Penny,penny
Leonard,leonard_hofstadter
Lesley,lesley_winkle
Mrs Goldfarb,goldfarb
Penny,penny
Lesley,lesley_winkle
Penny,penny
Lesley,lesley_winkle
Penny,penny
Penny,penny
Lesley,lesley_winkle
Lesley,lesley_winkle
Penny,penny
Leonard,leonard_hofstadter
Leonard,leonard_hofstadter
Lesley,lesley_winkle
Penny,penny
Penny,penny
Sheldon,sheldon_cooper
Leonard,leonard_hofstadter
Bryan Adams,bryan_adams
Leonard,leonard_hofstadter
Leonard,leonard_hofstadter
Leonard,leonard_hofstadter
Lesley,lesley_winkle
Winkle,lesley_winkle
Leonard,leonard_hofstadter
Sheldon,sheldon_cooper
Leonard,leonard_hofstadter
Sheldon,sheldon_cooper
Lesley,lesley_winkle
Leonard,leonard_hofstadter
Leonard,leonard_hofstadter
Sheldon,sheldon_cooper
Leonard,leonard_hofstadter
Lesley,lesley_winkle
Sheldon,sheldon_cooper
Sheldon,sheldon_cooper
Leonard,leonard_hofstadter
Penny,penny
Lesley,lesley_winkle
Lesley,lesley_winkle
Leonard,leonard_hofstadter
Lesley,lesley_winkle
Leonard,leonard_hofstadter
Leonard,leonard_hofstadter
Leonard,leonard_hofstadter
Lesley,lesley_winkle
Winkle,lesley_winkle
Lesley,lesley_winkle
Penny,penny
Leonard,leonard_hofstadter
Dr Finkleday,finkleday
Leonard,leonard_hofstadter
Dr Gablehauser,eric_gablehauser
Howard,howard_wolowitz
Summer,summer
Eric Gablehauser,eric_gablehauser
Howard,howard_wolowitz
Wolowitz,howard_wolowitz
Howard,howard_wolowitz
Gablehauser,eric_gablehauser
Sheldon,sheldon_cooper
Penny,penny
Penny,penny
Sheldon,sheldon_cooper
Gablehauser,eric_gablehauser
Leonard,leonard_hofstadter
Leonard,leonard_hofstadter
Penny,penny
Sheldon,sheldon_cooper
Leonard,leonard_hofstadter
Sheldon,sheldon_cooper
Dr Patel,unknown_patel
Sheldon,sheldon_cooper
Sheldon,sheldon_cooper
Mary,mary_cooper
Sheldon,sheldon_cooper
Shelly,sheldon_cooper
Shelly,sheldon_cooper
Sheldon,sheldon_cooper
Sheldon,sheldon_cooper
Sheldon,sheldon_cooper
Leonard,leonard_hofstadter
Sheldon,sheldon_cooper
Dr Cooper,sheldon_cooper
Dr Eric Gablehauser,eric_gablehauser
Mary Cooper,mary_cooper
Sheldon,sheldon_cooper
Sheldon,sheldon_cooper
Jacques Cousteau,jacques_cousteau
Sheldon,sheldon_cooper
Penny,penny
Raj,rajesh_koothrappali
Howard,howard_wolowitz
Einsteins,albert_einstein
Sheldon,sheldon_cooper
Leonard,leonard_hofstadter
Howard,howard_wolowitz
Sheldon,sheldon_cooper
Leonard,leonard_hofstadter
Howard,howard_wolowitz
Raj,rajesh_koothrappali
Sheldon,sheldon_cooper
Raj,rajesh_koothrappali
Leslie Winkle,lesley_winkle
Winkle,lesley_winkle
Leonard,leonard_hofstadter
Sheldon,sheldon_cooper
Sheldon,sheldon_cooper
Cooper,sheldon_cooper
Sheldon,sheldon_cooper
Sheldon,sheldon_cooper
Sheldon,sheldon_cooper
Sheldon,sheldon_cooper
Sheldon,sheldon_cooper
Cooper,sheldon_cooper
Sheldon,sheldon_cooper
Casimir,hendrik_casimir
Prevost,pierre_prevost
Wolowitz,howard_wolowitz
Leslie,lesley_winkle
Leonard,leonard_hofstadter
Sheldon,sheldon_cooper
Leonard,leonard_hofstadter
Sheldon,sheldon_cooper
Marsha,unknown_marsha
Jan,unknown_jan
Cindy,unknown_cindy
Brady,unknown_brady
Sammy Hagar,sammy_hagar
David Lee Roth,david_lee_roth
Brady,unknown_brady
Van Halen,van_halen
Madonna,unknown_madonna
Sean Penn,sean_penn
William Shatner,william_shatner
Shatner,william_shatner
Patrick Stewart,patrick_stewart
Sheldon,sheldon_cooper
Sheldon,sheldon_cooper
Sheldon,sheldon_cooper
Leonard,leonard_hofstadter
Leonard,leonard_hofstadter
Penny,penny
Leonard,leonard_hofstadter
Penny,penny
Penny,penny
Howard,howard_wolowitz
Mike,mike
Mike,mike
Mike,mike
Leonard,leonard_hofstadter
Howard,howard_wolowitz
Sheldon,sheldon_cooper
Penny,penny
Leonard,leonard_hofstadter
Mike,mike
Penny,penny
Sheldon,sheldon_cooper
Leonard,leonard_hofstadter
Koothrappali,rajesh_koothrappali
Wolowitz,howard_wolowitz
Raj,rajesh_koothrappali
Wolowitz,howard_wolowitz
Leonard,leonard_hofstadter
Leonard,leonard_hofstadter
Leonard,leonard_hofstadter
Leonard,leonard_hofstadter
Leonard,leonard_hofstadter
Leonard,leonard_hofstadter
Menelaus,menelaus
Helen,helen_sparta
Menelaus,menelaus
Leonard,leonard_hofstadter
Leonard,leonard_hofstadter
Leonard,leonard_hofstadter
Koothrappali,rajesh_koothrappali
Leonard,leonard_hofstadter
Sheldon,sheldon_cooper
Schrodinger,erwin_rudolf_josef_alexander_schrodinger
Schrodinger,erwin_rudolf_josef_alexander_schrodinger
Mrs Grossinger,mrs_grossinger
Sheldon,sheldon_cooper
Erwin Schrodinger,erwin_rudolf_josef_alexander_schrodinger
Sheldon,sheldon_cooper
Schrodinger,erwin_rudolf_josef_alexander_schrodinger
Leonard,leonard_hofstadter
Leonard,leonard_hofstadter
Sheldon,sheldon_cooper
Penny,penny
Penny,penny
Penny,penny
Sheldon,sheldon_cooper
Penny,penny
Penny,penny
Scooby Doo,scooby
Schrodinger,erwin_rudolf_josef_alexander_schrodinger
Schrodinger,erwin_rudolf_josef_alexander_schrodinger
Schrodinger,erwin_rudolf_josef_alexander_schrodinger
Raj,rajesh_koothrappali
Leonard,leonard_hofstadter
Leonard,leonard_hofstadter
Raj,rajesh_koothrappali
Sheldon,sheldon_cooper
Raj,rajesh_koothrappali
Sheldon,sheldon_cooper
Sheldon,sheldon_cooper
Sheldon,sheldon_cooper
Raj,rajesh_koothrappali
Sheldon,sheldon_cooper
Leonard,leonard_hofstadter
Penny,penny
Leonard,leonard_hofstadter
Doug,doug
Doug,doug
Leonard,leonard_hofstadter
bro,leonard_hofstadter
Penny,penny
Penny,penny
Penny,penny
Olivia Geiger,olivia_geiger
Howard,howard_wolowitz
Lesley,lesley_winkle
Leonard,leonard_hofstadter
Lesley,lesley_winkle
Leonard,leonard_hofstadter
Lesley,lesley_winkle
Hugh Grant,hugh_grant
Sandra Bullock,sandra_bullock
Sheldon,sheldon_cooper
Asimov,asimov
Sheldon,sheldon_cooper
Lesley,lesley_winkle
Wolowitz,howard_wolowitz
Leonard,leonard_hofstadter
Mrs Tishman,tishman
Leonard,leonard_hofstadter
Einstein,albert_einstein
Newton,isaac_newton
Sergeant Fuzzyboots,sergeant_fuzzyboots
Leonard,leonard_hofstadter
Leonard,leonard_hofstadter
Penny,penny
Penny,penny
Leonard,leonard_hofstadter
Penny,penny
Sheldon,sheldon_cooper
Howard,howard_wolowitz
Raj,rajesh_koothrappali
Sheldon,sheldon_cooper
Raj,rajesh_koothrappali
Howard,howard_wolowitz
Sheldon,sheldon_cooper
Doug,doug
Doug,doug
Kurt,kurt
Doug,doug
Leonard,leonard_hofstadter
Sheldon,sheldon_cooper
Sheldon,sheldon_cooper
Sheldon,sheldon_cooper
Sheldon,sheldon_cooper
Dr Hofstadter,leonard_hofstadter
Dr Cooper,sheldon_cooper
Gablehouser,eric_gablehauser
Dennis Kim,dennis_kim
Dennis,dennis_kim
Kim,dennis_kim
Dennis,dennis_kim
Dennis,dennis_kim
Dennis,dennis_kim
Sheldon,sheldon_cooper
Leonard,leonard_hofstadter
Dennis,dennis_kim
Leonard,leonard_hofstadter
Dennis,dennis_kim
Stephenson,unknown_stephenson
Howie,howard_wolowitz
Raj,rajesh_koothrappali
Howard,howard_wolowitz
Dennis,dennis_kim
Kim,dennis_kim
Wolfgang,Amadeus Mozart,wolfgang_mozart
Antonio Salieri,antonio_salieri
Sheldon,sheldon_cooper
Sheldon,sheldon_cooper
Sheldon,sheldon_cooper
Leonard,leonard_hofstadter
Sheldon,sheldon_cooper
Dennis,dennis_kim
Kim,dennis_kim
Sheldon,sheldon_cooper
Sheldon,sheldon_cooper
Sheldon,sheldon_cooper
Sheldon,sheldon_cooper
Leonard,leonard_hofstadter
Leonard,leonard_hofstadter
Sheldon,sheldon_cooper
Dennis,dennis_kim
Kim,dennis_kim
Kim,dennis_kim
Howard,howard_wolowitz
Denise,denise
Polmerry,denise
Howard,howard_wolowitz
Mr Kim,dennis_kim
Neo,neo
Dennis,dennis_kim
Cooper,sheldon_cooper
Hava Nagila,hava_nagila
Professor Goldfarb,goldfarb
Moses,moses
Howard,howard_wolowitz
Dennis,dennis_kim
Howard,howard_wolowitz
Dennis,dennis_kim
Mr Dennis Kim,dennis_kim
Dennis,dennis_kim
Kim,dennis_kim
Mr Kim,dennis_kim
Stephenson,unknown_stephenson
Dennis,dennis_kim
Dennis,dennis_kim
Emma,unknown_emma
Dennis,dennis_kim
Kim,dennis_kim
Leonard,leonard_hofstadter
Sheldon,sheldon_cooper
Penny,penny
Leonard,leonard_hofstadter
Sheldon,sheldon_cooper
Battlestar Galactica,battlestar
Louis,louise
Louise,louise
Leonard,leonard_hofstadter
Leonard,leonard_hofstadter
Bourne Oppenheimer,julius_robert_oppenheimer+max_born
Penny,penny
Sheldon,sheldon_cooper
Koothrapali,rajesh_koothrappali
Wolowitz,howard_wolowitz
Sheldon,sheldon_cooper
Leonard,leonard_hofstadter
Penny,penny
Albert Einstein,albert_einstein
Luke Skywalker,luke_skywalker
Luke,luke_skywalker
Skywalker,luke_skywalker
Stephen Hawking,stephen_hawking
Leonard,leonard_hofstadter
Howard,howard_wolowitz
Wolowitz,howard_wolowitz
Penny,penny
Howard,howard_wolowitz
Leonard,leonard_hofstadter
Sheldon,sheldon_cooper
Sheldon,sheldon_cooper
Wolowitz,howard_wolowitz
Penny,penny
Joyce Kim,joyce_kim
Joyce,joyce_kim
Kim,joyce_kim
Penny,penny
Sheldon,sheldon_cooper
Leonard,leonard_hofstadter
Leonard,leonard_hofstadter
Sheldon,sheldon_cooper
Leonard,leonard_hofstadter
Sheldon,sheldon_cooper
Penny,penny
Leonard,leonard_hofstadter
Leonard,leonard_hofstadter
Sheldon,sheldon_cooper
Leonard,leonard_hofstadter
Sheldon,sheldon_cooper
Penny,penny
Sheldon,sheldon_cooper
Penny,penny
Raj,rajesh_koothrappali
Raj,rajesh_koothrappali
Sheldon,sheldon_cooper
Sheldon,sheldon_cooper
Howard,howard_wolowitz
Howard,howard_wolowitz
Wolowitz,howard_wolowitz
Sheldon,sheldon_cooper
Missy,missy_cooper
Missy,missy_cooper
Leonard,leonard_hofstadter
Rajesh,rajesh_koothrappali
Howard,howard_wolowitz
Shelly,sheldon_cooper
Leonard,leonard_hofstadter
Howard,howard_wolowitz
Rajesh,rajesh_koothrappali
Missy,missy_cooper
Shelly,sheldon_cooper
Shelly,sheldon_cooper
Shelly,sheldon_cooper
Shelly,sheldon_cooper
Sheldon,sheldon_cooper
Leonard,leonard_hofstadter
Penny,penny
Sheldon,sheldon_cooper
Missy,missy_cooper
Missy,missy_cooper
Penny,penny
Raj,rajesh_koothrappali
Missy,missy_cooper
Missy,missy_cooper
Sheldon,sheldon_cooper
Sheldon,sheldon_cooper
Missy,missy_cooper
Missy,missy_cooper
Missy,missy_cooper
Missy,missy_cooper
Leonard,leonard_hofstadter
Penny,penny
Penny,penny
Penny,penny
Penny,penny
Penny,penny
Sheldon,sheldon_cooper
Sheldon,sheldon_cooper
Koothrappali,rajesh_koothrappali
Wolowitz,howard_wolowitz
Missy,missy_cooper
Missy,missy_cooper
Shiva,shiva
Leonard,leonard_hofstadter
Leonard,leonard_hofstadter
Sheldon,sheldon_cooper
Shelly,sheldon_cooper
Sheldon,sheldon_cooper
Sheldon,sheldon_cooper
Shelly,sheldon_cooper
Missy,missy_cooper
Sheldon,sheldon_cooper
Penny,penny
Missy,missy_cooper
Missy,missy_cooper
Leonard,leonard_hofstadter
Penny,penny
Mike,mike
Missy,missy_cooper
Leonard,leonard_hofstadter
Howard,howard_wolowitz
Missy,missy_cooper
Missy,missy_cooper
Howard,howard_wolowitz
Howard,howard_wolowitz
Missy,missy_cooper
Shelly,sheldon_cooper
Shelly,sheldon_cooper
Howard,howard_wolowitz
Sheldon,sheldon_cooper
Sheldon,sheldon_cooper
Leonard,leonard_hofstadter
Leonard,leonard_hofstadter
Howard,howard_wolowitz
Sheldon,sheldon_cooper
Sheldon,sheldon_cooper
Superman,superman
Sheldon,sheldon_cooper
Sheldon,sheldon_cooper
Sheldon,sheldon_cooper
Penny,penny
Penny,penny
Leonard,leonard_hofstadter
Galileo,galileo_galilei
Leonard,leonard_hofstadter
Leonard,leonard_hofstadter
Sheldon,sheldon_cooper
Sheldon,sheldon_cooper
Penny,penny
Leonard,leonard_hofstadter
Sheldon,sheldon_cooper
Penny,penny
Sheldon,sheldon_cooper
Cooper,sheldon_cooper
Isaac Newton,isaac_newton
Leonard Hofstadter,leonard_hofstadter
Howard,howard_wolowitz
Wolowizard,howard_wolowitz
Batman,batman
Leonard,leonard_hofstadter
Sheldon,sheldon_cooper
Koothrappali,vm_koothrappali
papa,vm_koothrappali
Sheldon,sheldon_cooper
Leonard,leonard_hofstadter
Haroun,unknown_haroun
Tanweer,unknown_tanweer
Haroun,unknown_haroun
Tanweer,unknown_tanweer
Haroun,unknown_haroun
Tanweer,unknown_tanweer
Papa,vm_koothrappali
Rajesh,rajesh_koothrappali
Lalita Gupta,lalitha_gupta
Rajesh,rajesh_koothrappali
Papa,vm_koothrappali
Mommy,mrs_koothrappali
Papa,vm_koothrappali
Doogie Howser,doogie
Doogie,doogie
Doogie,doogie
Howser,doogie
Haroun,unknown_haroun
and,unknown_tanweer
Sheldon,sheldon_cooper
Cooper,sheldon_cooper
Rajesh,rajesh_koothrappali
Lalita,lalitha_gupta
Gupta,lalitha_gupta
Lalita,lalitha_gupta
Raj,rajesh_koothrappali
Koothrappali,rajesh_koothrappali
Sheldon,sheldon_cooper
Leonard,leonard_hofstadter
Penny,penny
Raj,rajesh_koothrappali
Raj,rajesh_koothrappali
Leonard,leonard_hofstadter
Raj,rajesh_koothrappali
Sheldon,sheldon_cooper
Raj,rajesh_koothrappali
Penny,penny
Penny,penny
Indira Gandhi,indira_gandhi
Lalita,lalitha_gupta
Gupta,lalitha_gupta
Raj,rajesh_koothrappali
Raj,rajesh_koothrappali
Penny,penny
Lalita,lalitha_gupta
Lalita,lalitha_gupta
Gupta,lalitha_gupta
Lalita,lalitha_gupta
Lalita,lalitha_gupta
Lalita,lalitha_gupta
Lalita,lalitha_gupta
Koothrappali,rajesh_koothrappali
Princess Punchali,unknown_punchali
Lalita,lalitha_gupta
Sheldon,sheldon_cooper
Lalita,lalitha_gupta
Gupta,lalitha_gupta
Lalita,lalitha_gupta
Leonard,leonard_hofstadter
Sheldon,sheldon_cooper
Howard,howard_wolowitz
Penny,penny
Rajesh,rajesh_koothrappali
Sheldon,sheldon_cooper
Sheldon,sheldon_cooper
Sheldon,sheldon_cooper
Papa,vm_koothrappali
Mrs Koothrappali,mrs_koothrappali+vm_koothrappali+
Raj,rajesh_koothrappali
Sheldon,sheldon_cooper
Leonard,leonard_hofstadter
Papa,vm_koothrappali
Rajesh,rajesh_koothrappali
Mommy,mrs_koothrappalis
Sheldon,sheldon_cooper
Raj,rajesh_koothrappali
Papa,vm_koothrappali
Papa,vm_koothrappali
Rajesh,rajesh_koothrappali
Lalita,lalitha_gupta
Kyle Bernstein,kyle_bernstein
Sheldon,sheldon_cooper
Wolowitz,howard_wolowitz
Penny,penny
Penny,penny
Flash,flash
Flash,flash
Frodo,frodo
Thor,thor
Raj,rajesh_koothrappali
Wolowitz,howard_wolowitz
Peter,Pan,peter_pan
Sheldon,sheldon_cooper
Doppler,christian_doppler
Robin Hood,robin_hood
Cathy Rigby,cathy_rigby
Sheldon,sheldon_cooper
Doppler,christian_doppler
Penny,penny
Leakey,leonard_hofstadter
Lewis Leaky,louis_leakey
Penny,penny
Sheldon,sheldon_cooper
Thor,thor
Penny,penny
Rob,robin_hood
Sheldon,sheldon_cooper
Doppler,christian_doppler
Doppler,christian_doppler
Odin,odin
Penny,penny
Catwoman,catwoman
Halle Berry,halle_berry
Penny,penny
Jane Goodall,jane_goodall
Doppler,christian_doppler
Frodo,frodo
Doppler,christian_doppler
Penny,penny
Penny,penny
Kurt,kurt
Sheldon,sheldon_cooper
Penny,penny
Kurt,kurt
Elf,elf
Hobbit,hobbit
Elf,elf
The Flash,flash
Penny,penny
Penny,penny
Kurt,kurt
Kurt,kurt
Leonard,leonard_hofstadter
Kurt,kurt
Penny,penny
Hobbit,hobbit
Hobbit,hobbit
Kurt,kurt
Leonard,leonard_hofstadter
Sheldon,sheldon_cooper
Leonard,leonard_hofstadter
Leonard,leonard_hofstadter
Penny,penny
Penny,penny
Kurt,kurt
Leonard,leonard_hofstadter
Koothrapali,rajesh_koothrappali
Miles Dyson,miles_dyson
Dyson,miles_dyson
John Connor,john_connor
Penny,penny
Sheldon,sheldon_cooper
Leonard,leonard_hofstadter
Leonard,leonard_hofstadter
Leonard,leonard_hofstadter
Sheldon,sheldon_cooper
Penny,penny
Leonard,leonard_hofstadter
Leonard,leonard_hofstadter
Leonard,leonard_hofstadter
Leonard,leonard_hofstadter
Leonard,leonard_hofstadter
Penny,penny
Penny,penny
Penny,penny
Penny,penny
Leonard,leonard_hofstadter
Penny,penny
Leopold,leopold_houston
Leopold,leopold_houston
Leo,leopold_houston
Lee,unknown_lee
Leonard,leonard_hofstadter
Leopold,leopold_houston
Leopold,leopold_houston
Houston,leopold_houston
Leo,leopold_houston
Leonard,leonard_hofstadter
Leo,leopold_houstonpold
Penny,penny
Penny,penny
Penny,penny
Leonard,leonard_hofstadter
Penny,penny
Dr Emile,emile_farminfarmian
Farminfarmian,emile_farminfarmian
Farminfarmian,emile_farminfarmian
Howard,howard_wolowitz
Howard,howard_wolowitz
Leia,leia_organa
Howard,howard_wolowitz
Sheldon,sheldon_cooper
Leonard,leonard_hofstadter
Leonard,leonard_hofstadter
Leonard,leonard_hofstadter
Sheldon,sheldon_cooper
Dr Farmin,emile_farminfarmian
Sheldon,sheldon_cooper
Sheldon,sheldon_cooper
Leo,leopold_houston
Leonard,leonard_hofstadter
Sheldon,sheldon_cooper
Penny,penny
Sheldon,sheldon_cooper
Leopold,leopold_houston
Mary,queen_ship
Leonard,leonard_hofstadter
Leonard,leonard_hofstadter
Leonard,leonard_hofstadter
Leonard,leonard_hofstadter
Sheldon,sheldon_cooper
Leo,leopold_houston
Leo,leopold_houston
Leo,leopold_houston
Sheldon,sheldon_cooper
Leo,leopold_houston
Sheldon,sheldon_cooper
Leo,leopold_houston
Sheldon,sheldon_cooper
Sheldon,sheldon_cooper
Leonard,leonard_hofstadter
Toby Loobenfeld,toby_loobenfeld
Sheldon,sheldon_cooper
Leo,toby_loobenfeld
Sheldon,sheldon_cooper
Penny,penny
Leo,toby_loobenfeld
Penny,penny
Leo,toby_loobenfeld
Penny,penny
Penny,penny
Leonard,leonard_hofstadter
